date,load_number
20-Nov,4303712603
20-Nov,4303731111
20-Nov,4303736140
20-Nov,4303733827
20-Nov,4303730345
20-Nov,4303728161
20-Nov,4303724385
20-Nov,4303724384
20-Nov,4303729922
20-Nov,4303731021
20-Nov,4303705930
20-Nov,4303726120
19-Nov,4303728319
19-Nov,4303666975
19-Nov,4303732421
19-Nov,4303731111
19-Nov,4303714516
18-Nov,4303707239
18-Nov,4303731719
18-Nov,4303704479
18-Nov,4303704368
16-Nov,4303726206
16-Nov,4303724937
16-Nov,4303724372
16-Nov,4303701710
15-Nov,4303727662
15-Nov,4303727625
15-Nov,4303711113
15-Nov,4303722759
15-Nov,4303722755
14-Nov,4303722467
14-Nov,4303722762
14-Nov,4303723145
14-Nov,4303724937
14-Nov,4303724383
14-Nov,4303724379
20-Nov,4303684767
20-Nov,4303731426
20-Nov,4303721431
20-Nov,4303722104
20-Nov,4303714291
20-Nov,4303691289
20-Nov,4303720592
20-Nov,4303721216
20-Nov,4303725624
20-Nov,4303731467
20-Nov,4303726486
20-Nov,4303720525
20-Nov,4303732865
20-Nov,4303724145
20-Nov,4303685569
19-Nov,4303698079
19-Nov,4303733751
19-Nov,4303723068
19-Nov,4303724053
19-Nov,4303722898
19-Nov,4303721248
19-Nov,4303730999
18-Nov,4303714289
18-Nov,4303723234
18-Nov,4303729158
17-Nov,4303727403
17-Nov,4303714289
17-Nov,4303723234
17-Nov,4303723125
17-Nov,4303720395
17-Nov,4303722897
17-Nov,4303697923
17-Nov,4303714755
16-Nov,4303691076
16-Nov,4303721729
16-Nov,4303689851
16-Nov,4303731325
16-Nov,4303724182
16-Nov,4303726037
16-Nov,4303720295
16-Nov,4303716865
15-Nov,4303723460
15-Nov,4303651874
15-Nov,4303724149
15-Nov,4303717567
15-Nov,4303721729
15-Nov,4303724208
15-Nov,4303723996
15-Nov,4303714003
15-Nov,4303724147
15-Nov,4303691076
15-Nov,4303703062
15-Nov,4303721370
15-Nov,4303724211
15-Nov,4303725379
15-Nov,4303715490
15-Nov,4303721727
14-Nov,4303714003
14-Nov,4303715488
14-Nov,4303723718
14-Nov,4303717548
14-Nov,4303724944
14-Nov,4303721692
14-Nov,4303721729
14-Nov,4303667164
13-Nov,4303705108
13-Nov,4303725579
13-Nov,4303721230
13-Nov,4303711719
13-Nov,4303704624
13-Nov,4303719570
13-Nov,4303717949
13-Nov,4303705150
13-Nov,4303717187
13-Nov,4303721593
13-Nov,4303705250
13-Nov,4303711631
13-Nov,4303709631
13-Nov,4303715350
12-Nov,4303684448
12-Nov,4303711144
12-Nov,4303684800
12-Nov,4303715350
12-Nov,4303711713
12-Nov,4303721230
12-Nov,4303705150
12-Nov,4303711676
12-Nov,4303721752
12-Nov,4303684753
12-Nov,4303711719
12-Nov,4303711704
12-Nov,4303684607
12-Nov,4303715850
12-Nov,4303711717
12-Nov,4303711367
12-Nov,4303711638
12-Nov,4303714581
12-Nov,4303713132
11-Nov,4303711633
11-Nov,4303718196
11-Nov,4303711685
11-Nov,4303708416
11-Nov,4303721236
11-Nov,4303720184
11-Nov,4303719886
11-Nov,4303699545
11-Nov,4303714997
11-Nov,4303711630
11-Nov,4303711453
11-Nov,4303704937
11-Nov,4303714583
11-Nov,4303711604
10-Nov,4303713514
10-Nov,4303711559
10-Nov,4303711142
10-Nov,4303715399
10-Nov,4303706939
10-Nov,4303715376
09-Nov,4303711131
09-Nov,4303716613
09-Nov,4303713513
09-Nov,4303711527
09-Nov,4303711142
09-Nov,4303707958
09-Nov,4303681900
09-Nov,4303711507
09-Nov,4303706939
09-Nov,4303713181
09-Nov,4303711559
09-Nov,4303705098
09-Nov,4303711378
09-Nov,4303666946
09-Nov,4303716847
09-Nov,4303709508
09-Nov,4303708014
09-Nov,4303715376
08-Nov,4303711729
08-Nov,4303711648
08-Nov,4303712299
08-Nov,4303711752
08-Nov,4303711562
08-Nov,4303711546
08-Nov,4303701810
08-Nov,4303711547
08-Nov,4303717319
08-Nov,4303711142
08-Nov,4303701852
07-Nov,4303702720
07-Nov,4303711435
07-Nov,4303699456
07-Nov,4303707791
07-Nov,4303707337
07-Nov,4303684750
07-Nov,4303711545
07-Nov,4303709508
07-Nov,4303707769
07-Nov,4303711729
07-Nov,4303707912
07-Nov,4303711546
07-Nov,4303702557
07-Nov,4303713906
07-Nov,4303700300
07-Nov,4303711581
07-Nov,4303711548
07-Nov,4303705536
07-Nov,4303711636
07-Nov,4303711176
07-Nov,4303704192
07-Nov,4303570736
07-Nov,4303692300
07-Nov,4303704909
07-Nov,4303705533
07-Nov,4303705537
07-Nov,4303706006
07-Nov,4303702145
07-Nov,4303684604
07-Nov,4303715914
07-Nov,4303700175
07-Nov,4303700301
07-Nov,4303707707
07-Nov,4303711763
07-Nov,4303712022
